{"_type":"export","__export_format":4,"__export_date":"2022-10-07T12:17:22.513Z","__export_source":"insomnia.desktop.app:v2022.6.0","resources":[{"_id":"req_1cc84d09a1d34cd6b86f46bf667ec259","parentId":"wrk_bb3170fbf789470792d6a1f859204cd0","modified":1665142414004,"created":1665142160871,"url":"http://localhost:4359/solicitacoes/produto","name":"Cadastrar Produtos","description":"","method":"POST","body":{},"parameters":[],"headers":[],"authentication":{},"metaSortKey":-1665142160871,"isPrivate":false,"settingStoreCookies":true,"settingSendCookies":true,"settingDisableRenderRequestBody":false,"settingEncodeUrl":true,"settingRebuildPath":true,"settingFollowRedirects":"global","_type":"request"},{"_id":"wrk_bb3170fbf789470792d6a1f859204cd0","parentId":null,"modified":1665142157866,"created":1665142157866,"name":"Solicitacoes","description":"","scope":"collection","_type":"workspace"},{"_id":"req_a30fc41b31e04ba99e9d802ecf8ee713","parentId":"wrk_bb3170fbf789470792d6a1f859204cd0","modified":1665142438884,"created":1665142315824,"url":"http://localhost:4359/solicitacoes/produto","name":"Listar Produtos","description":"","method":"GET","body":{},"parameters":[],"headers":[],"authentication":{},"metaSortKey":-1665142160821,"isPrivate":false,"settingStoreCookies":true,"settingSendCookies":true,"settingDisableRenderRequestBody":false,"settingEncodeUrl":true,"settingRebuildPath":true,"settingFollowRedirects":"global","_type":"request"},{"_id":"req_4cdf91891fe349f49172bb03af8cf11f","parentId":"wrk_bb3170fbf789470792d6a1f859204cd0","modified":1665143186363,"created":1665143137116,"url":"http://localhost:4359/solicitacoes/departamento","name":"Cria Departamento","description":"","method":"POST","body":{},"parameters":[],"headers":[],"authentication":{},"metaSortKey":-1665142160771,"isPrivate":false,"settingStoreCookies":true,"settingSendCookies":true,"settingDisableRenderRequestBody":false,"settingEncodeUrl":true,"settingRebuildPath":true,"settingFollowRedirects":"global","_type":"request"},{"_id":"req_5e03291f589741a289ac9ad85ed91505","parentId":"wrk_bb3170fbf789470792d6a1f859204cd0","modified":1665144152692,"created":1665144070491,"url":"http://localhost:4359//solicitacoes/itens/:Cod_Depto","name":"Exclui Departamentos","description":"","method":"DELETE","body":{},"parameters":[],"headers":[],"authentication":{},"metaSortKey":-1665142160721,"isPrivate":false,"settingStoreCookies":true,"settingSendCookies":true,"settingDisableRenderRequestBody":false,"settingEncodeUrl":true,"settingRebuildPath":true,"settingFollowRedirects":"global","_type":"request"},{"_id":"env_01761782739f3214cf60b029f80e3f0fa27df575","parentId":"wrk_bb3170fbf789470792d6a1f859204cd0","modified":1665142157882,"created":1665142157882,"name":"Base Environment","data":{},"dataPropertyOrder":null,"color":null,"isPrivate":false,"metaSortKey":1665142157882,"_type":"environment"},{"_id":"jar_01761782739f3214cf60b029f80e3f0fa27df575","parentId":"wrk_bb3170fbf789470792d6a1f859204cd0","modified":1665142157885,"created":1665142157885,"name":"Default Jar","cookies":[],"_type":"cookie_jar"},{"_id":"spc_af55b1649d7342d4b8fd7d6043505108","parentId":"wrk_bb3170fbf789470792d6a1f859204cd0","modified":1665142157871,"created":1665142157871,"fileName":"Solicitacoes","contents":"","contentType":"yaml","_type":"api_spec"}]}